SECTOR,Org,Dst,Route,RBD,Currency,TOTAL
JAIBOM,JAI,BOM,L,ZJ,INR,5910
JAIBOM,JAI,BOM,L,ZI,INR,6016
JAIBOM,JAI,BOM,L,ZH,INR,6120
JAIBOM,JAI,BOM,L,ZG,INR,6330
JAIBOM,JAI,BOM,L,ZF,INR,6442
JAIBOM,JAI,BOM,L,ZE,INR,6563
JAIBOM,JAI,BOM,L,ZD,INR,6694
JAIBOM,JAI,BOM,L,ZC,INR,6830
JAIBOM,JAI,BOM,L,ZB,INR,6978
JAIBOM,JAI,BOM,L,ZA,INR,7129
JAIBOM,JAI,BOM,L,Z9,INR,7287
JAIBOM,JAI,BOM,L,Z8,INR,7455
JAIBOM,JAI,BOM,L,Z7,INR,7633
JAIBOM,JAI,BOM,L,Z6,INR,7823
JAIBOM,JAI,BOM,L,Z5,INR,8023
JAIBOM,JAI,BOM,L,Z4,INR,8243
JAIBOM,JAI,BOM,L,Z3,INR,8480
JAIBOM,JAI,BOM,L,Z2,INR,8737
JAIBOM,JAI,BOM,L,Z1,INR,9009
JAIBOM,JAI,BOM,L,Z0,INR,9298
JAIBOM,JAI,BOM,L,V9,INR,5345
JAIBOM,JAI,BOM,L,V8,INR,5452
JAIBOM,JAI,BOM,L,V7,INR,5552
JAIBOM,JAI,BOM,L,V6,INR,5612
JAIBOM,JAI,BOM,L,V5,INR,5712
JAIBOM,JAI,BOM,L,V4,INR,5772
JAIBOM,JAI,BOM,L,V3,INR,5877
JAIBOM,JAI,BOM,L,V2,INR,5987
JAIBOM,JAI,BOM,L,V1,INR,6036
JAIBOM,JAI,BOM,L,V0,INR,6086
JAIBOM,JAI,BOM,L,U9,INR,6137
JAIBOM,JAI,BOM,L,U8,INR,6187
JAIBOM,JAI,BOM,L,U7,INR,6237
JAIBOM,JAI,BOM,L,U6,INR,6338
JAIBOM,JAI,BOM,L,U5,INR,6437
JAIBOM,JAI,BOM,L,U4,INR,6537
JAIBOM,JAI,BOM,L,U3,INR,6657
JAIBOM,JAI,BOM,L,U2,INR,6751
JAIBOM,JAI,BOM,L,U1,INR,6831
JAIBOM,JAI,BOM,L,U0,INR,6931
JAIBOM,JAI,BOM,L,T9,INR,7031
JAIBOM,JAI,BOM,L,T8,INR,7141
JAIBOM,JAI,BOM,L,T7,INR,7241
JAIBOM,JAI,BOM,L,T6,INR,7341
JAIBOM,JAI,BOM,L,T5,INR,7441
JAIBOM,JAI,BOM,L,T4,INR,7541
JAIBOM,JAI,BOM,L,T3,INR,7641
JAIBOM,JAI,BOM,L,T2,INR,7741
JAIBOM,JAI,BOM,L,T1,INR,7841
JAIBOM,JAI,BOM,L,T0,INR,7941
JAIBOM,JAI,BOM,L,R9,INR,8091
JAIBOM,JAI,BOM,L,R8,INR,8291
JAIBOM,JAI,BOM,L,R7,INR,8491
JAIBOM,JAI,BOM,L,R6,INR,8601
JAIBOM,JAI,BOM,L,R5,INR,8801
JAIBOM,JAI,BOM,L,R4,INR,8951
JAIBOM,JAI,BOM,L,R3,INR,9152
JAIBOM,JAI,BOM,L,R2,INR,9351
JAIBOM,JAI,BOM,L,R1,INR,9651
JAIBOM,JAI,BOM,L,R0,INR,9951
JAIBOM,JAI,BOM,L,Q9,INR,10351
JAIBOM,JAI,BOM,L,Q8,INR,10706
JAIBOM,JAI,BOM,L,Q7,INR,11015
JAIBOM,JAI,BOM,L,Q6,INR,11351
JAIBOM,JAI,BOM,L,Q5,INR,11707
JAIBOM,JAI,BOM,L,Q4,INR,12085
JAIBOM,JAI,BOM,L,Q3,INR,12485
JAIBOM,JAI,BOM,L,Q2,INR,12910
JAIBOM,JAI,BOM,L,Q1,INR,13357
JAIBOM,JAI,BOM,L,Q0,INR,13824
JAIBOM,JAI,BOM,L,Q,INR,14311
JAIBOM,JAI,BOM,L,O,INR,14827
JAIBOM,JAI,BOM,L,N,INR,15361
JAIBOM,JAI,BOM,L,M,INR,16008
JAIBOM,JAI,BOM,L,K,INR,16764
JAIBOM,JAI,BOM,L,J,INR,17629
JAIBOM,JAI,BOM,L,I,INR,18664
JAIBOM,JAI,BOM,L,H,INR,19867
JAIBOM,JAI,BOM,L,F,INR,21236
JAIBOM,JAI,BOM,L,E,INR,22775
JAIBOM,JAI,BOM,L,D,INR,24482
JAIBOM,JAI,BOM,L,C,INR,26350
JAIBOM,JAI,BOM,L,B,INR,28220
JAIBOM,JAI,BOM,L,Y,INR,30446
GWLAMD,GWL,AMD,L,ZJ,INR,5910
GWLAMD,GWL,AMD,L,ZI,INR,6016
GWLAMD,GWL,AMD,L,ZH,INR,6120
GWLAMD,GWL,AMD,L,ZG,INR,6330
GWLAMD,GWL,AMD,L,ZF,INR,6442
GWLAMD,GWL,AMD,L,ZE,INR,6563
GWLAMD,GWL,AMD,L,ZD,INR,6694
GWLAMD,GWL,AMD,L,ZC,INR,6830
GWLAMD,GWL,AMD,L,ZB,INR,6978
GWLAMD,GWL,AMD,L,ZA,INR,7129
GWLAMD,GWL,AMD,L,Z9,INR,7287
GWLAMD,GWL,AMD,L,Z8,INR,7455
GWLAMD,GWL,AMD,L,Z7,INR,7633
GWLAMD,GWL,AMD,L,Z6,INR,7823
GWLAMD,GWL,AMD,L,Z5,INR,8023
GWLAMD,GWL,AMD,L,Z4,INR,8243
GWLAMD,GWL,AMD,L,Z3,INR,8480
GWLAMD,GWL,AMD,L,Z2,INR,8737
GWLAMD,GWL,AMD,L,Z1,INR,9009
GWLAMD,GWL,AMD,L,Z0,INR,9298
GWLAMD,GWL,AMD,L,V9,INR,5345
GWLAMD,GWL,AMD,L,V8,INR,5452
GWLAMD,GWL,AMD,L,V7,INR,5552
GWLAMD,GWL,AMD,L,V6,INR,5612
GWLAMD,GWL,AMD,L,V5,INR,5712
GWLAMD,GWL,AMD,L,V4,INR,5772
GWLAMD,GWL,AMD,L,V3,INR,5877
GWLAMD,GWL,AMD,L,V2,INR,5987
GWLAMD,GWL,AMD,L,V1,INR,6036
GWLAMD,GWL,AMD,L,V0,INR,6086
GWLAMD,GWL,AMD,L,U9,INR,6137
GWLAMD,GWL,AMD,L,U8,INR,6187
GWLAMD,GWL,AMD,L,U7,INR,6237
GWLAMD,GWL,AMD,L,U6,INR,6338
GWLAMD,GWL,AMD,L,U5,INR,6437
GWLAMD,GWL,AMD,L,U4,INR,6537
GWLAMD,GWL,AMD,L,U3,INR,6657
GWLAMD,GWL,AMD,L,U2,INR,6751
GWLAMD,GWL,AMD,L,U1,INR,6831
GWLAMD,GWL,AMD,L,U0,INR,6931
GWLAMD,GWL,AMD,L,T9,INR,7031
GWLAMD,GWL,AMD,L,T8,INR,7141
GWLAMD,GWL,AMD,L,T7,INR,7241
GWLAMD,GWL,AMD,L,T6,INR,7341
GWLAMD,GWL,AMD,L,T5,INR,7441
GWLAMD,GWL,AMD,L,T4,INR,7541
GWLAMD,GWL,AMD,L,T3,INR,7641
GWLAMD,GWL,AMD,L,T2,INR,7741
GWLAMD,GWL,AMD,L,T1,INR,7841
GWLAMD,GWL,AMD,L,T0,INR,7941
GWLAMD,GWL,AMD,L,R9,INR,8091
GWLAMD,GWL,AMD,L,R8,INR,8291
GWLAMD,GWL,AMD,L,R7,INR,8491
GWLAMD,GWL,AMD,L,R6,INR,8601
GWLAMD,GWL,AMD,L,R5,INR,8801
GWLAMD,GWL,AMD,L,R4,INR,8951
GWLAMD,GWL,AMD,L,R3,INR,9152
GWLAMD,GWL,AMD,L,R2,INR,9351
GWLAMD,GWL,AMD,L,R1,INR,9651
GWLAMD,GWL,AMD,L,R0,INR,9951
GWLAMD,GWL,AMD,L,Q9,INR,10351
GWLAMD,GWL,AMD,L,Q8,INR,10706
GWLAMD,GWL,AMD,L,Q7,INR,11015
GWLAMD,GWL,AMD,L,Q6,INR,11351
GWLAMD,GWL,AMD,L,Q5,INR,11707
GWLAMD,GWL,AMD,L,Q4,INR,12085
GWLAMD,GWL,AMD,L,Q3,INR,12485
GWLAMD,GWL,AMD,L,Q2,INR,12910
GWLAMD,GWL,AMD,L,Q1,INR,13357
GWLAMD,GWL,AMD,L,Q0,INR,13824
GWLAMD,GWL,AMD,L,Q,INR,14311
GWLAMD,GWL,AMD,L,O,INR,14827
GWLAMD,GWL,AMD,L,N,INR,15361
GWLAMD,GWL,AMD,L,M,INR,16008
GWLAMD,GWL,AMD,L,K,INR,16764
GWLAMD,GWL,AMD,L,J,INR,17629
GWLAMD,GWL,AMD,L,I,INR,18664
GWLAMD,GWL,AMD,L,H,INR,19867
GWLAMD,GWL,AMD,L,F,INR,21236
GWLAMD,GWL,AMD,L,E,INR,22775
GWLAMD,GWL,AMD,L,D,INR,24482
GWLAMD,GWL,AMD,L,C,INR,26350
GWLAMD,GWL,AMD,L,B,INR,28220
GWLAMD,GWL,AMD,L,Y,INR,30446
GAUIXA,GAU,IXA,L,ZJ,INR,1699
GAUIXA,GAU,IXA,L,ZI,INR,1730
GAUIXA,GAU,IXA,L,ZH,INR,1770
GAUIXA,GAU,IXA,L,ZG,INR,1820
GAUIXA,GAU,IXA,L,ZF,INR,1870
GAUIXA,GAU,IXA,L,ZE,INR,1920
GAUIXA,GAU,IXA,L,ZD,INR,1970
GAUIXA,GAU,IXA,L,ZC,INR,2020
GAUIXA,GAU,IXA,L,ZB,INR,2090
GAUIXA,GAU,IXA,L,ZA,INR,2160
GAUIXA,GAU,IXA,L,Z9,INR,2230
GAUIXA,GAU,IXA,L,Z8,INR,2320
GAUIXA,GAU,IXA,L,Z7,INR,2410
GAUIXA,GAU,IXA,L,Z6,INR,2510
GAUIXA,GAU,IXA,L,Z5,INR,2660
GAUIXA,GAU,IXA,L,Z4,INR,2860
GAUIXA,GAU,IXA,L,Z3,INR,3110
GAUIXA,GAU,IXA,L,Z2,INR,3410
GAUIXA,GAU,IXA,L,Z1,INR,3760
GAUIXA,GAU,IXA,L,Z0,INR,4260
GAUIXA,GAU,IXA,L,V9,INR,1788
GAUIXA,GAU,IXA,L,V8,INR,1830
GAUIXA,GAU,IXA,L,V7,INR,1870
GAUIXA,GAU,IXA,L,V6,INR,1920
GAUIXA,GAU,IXA,L,V5,INR,1970
GAUIXA,GAU,IXA,L,V4,INR,2020
GAUIXA,GAU,IXA,L,V3,INR,2070
GAUIXA,GAU,IXA,L,V2,INR,2120
GAUIXA,GAU,IXA,L,V1,INR,2170
GAUIXA,GAU,IXA,L,V0,INR,2220
GAUIXA,GAU,IXA,L,U9,INR,2270
GAUIXA,GAU,IXA,L,U8,INR,2320
GAUIXA,GAU,IXA,L,U7,INR,2360
GAUIXA,GAU,IXA,L,U6,INR,2410
GAUIXA,GAU,IXA,L,U5,INR,2460
GAUIXA,GAU,IXA,L,U4,INR,2510
GAUIXA,GAU,IXA,L,U3,INR,2560
GAUIXA,GAU,IXA,L,U2,INR,2610
GAUIXA,GAU,IXA,L,U1,INR,2660
GAUIXA,GAU,IXA,L,U0,INR,2710
GAUIXA,GAU,IXA,L,T9,INR,2760
GAUIXA,GAU,IXA,L,T8,INR,2810
GAUIXA,GAU,IXA,L,T7,INR,2860
GAUIXA,GAU,IXA,L,T6,INR,2910
GAUIXA,GAU,IXA,L,T5,INR,2960
GAUIXA,GAU,IXA,L,T4,INR,3010
GAUIXA,GAU,IXA,L,T3,INR,3060
GAUIXA,GAU,IXA,L,T2,INR,3110
GAUIXA,GAU,IXA,L,T1,INR,3160
GAUIXA,GAU,IXA,L,T0,INR,3240
GAUIXA,GAU,IXA,L,R9,INR,3320
GAUIXA,GAU,IXA,L,R8,INR,3400
GAUIXA,GAU,IXA,L,R7,INR,3480
GAUIXA,GAU,IXA,L,R6,INR,3560
GAUIXA,GAU,IXA,L,R5,INR,3660
GAUIXA,GAU,IXA,L,R4,INR,3760
GAUIXA,GAU,IXA,L,R3,INR,3860
GAUIXA,GAU,IXA,L,R2,INR,3960
GAUIXA,GAU,IXA,L,R1,INR,4060
GAUIXA,GAU,IXA,L,R0,INR,4180
GAUIXA,GAU,IXA,L,Q9,INR,4300
GAUIXA,GAU,IXA,L,Q8,INR,4420
GAUIXA,GAU,IXA,L,Q7,INR,4540
GAUIXA,GAU,IXA,L,Q6,INR,4660
GAUIXA,GAU,IXA,L,Q5,INR,4810
GAUIXA,GAU,IXA,L,Q4,INR,4960
GAUIXA,GAU,IXA,L,Q3,INR,5110
GAUIXA,GAU,IXA,L,Q2,INR,5260
GAUIXA,GAU,IXA,L,Q1,INR,5410
GAUIXA,GAU,IXA,L,Q0,INR,5610
GAUIXA,GAU,IXA,L,Q,INR,5810
GAUIXA,GAU,IXA,L,O,INR,6010
GAUIXA,GAU,IXA,L,N,INR,6210
GAUIXA,GAU,IXA,L,M,INR,6410
GAUIXA,GAU,IXA,L,K,INR,6910
GAUIXA,GAU,IXA,L,J,INR,7410
GAUIXA,GAU,IXA,L,I,INR,7910
GAUIXA,GAU,IXA,L,H,INR,8810
GAUIXA,GAU,IXA,L,F,INR,9810
GAUIXA,GAU,IXA,L,E,INR,11010
GAUIXA,GAU,IXA,L,D,INR,12510
GAUIXA,GAU,IXA,L,C,INR,14310
GAUIXA,GAU,IXA,L,B,INR,16310
GAUIXA,GAU,IXA,L,Y,INR,18810
DOHCOK,DOH,COK,R,ZJ,QAR,300
DOHCOK,DOH,COK,R,ZI,QAR,320
DOHCOK,DOH,COK,R,ZH,QAR,340
DOHCOK,DOH,COK,R,ZG,QAR,360
DOHCOK,DOH,COK,R,ZF,QAR,380
DOHCOK,DOH,COK,R,ZE,QAR,400
DOHCOK,DOH,COK,R,ZD,QAR,420
DOHCOK,DOH,COK,R,ZC,QAR,440
DOHCOK,DOH,COK,R,ZB,QAR,460
DOHCOK,DOH,COK,R,ZA,QAR,480
DOHCOK,DOH,COK,R,Z9,QAR,500
DOHCOK,DOH,COK,R,Z8,QAR,520
DOHCOK,DOH,COK,R,Z7,QAR,540
DOHCOK,DOH,COK,R,Z6,QAR,560
DOHCOK,DOH,COK,R,Z5,QAR,580
DOHCOK,DOH,COK,R,Z4,QAR,600
DOHCOK,DOH,COK,R,Z3,QAR,620
DOHCOK,DOH,COK,R,Z2,QAR,640
DOHCOK,DOH,COK,R,Z1,QAR,660
DOHCOK,DOH,COK,R,Z0,QAR,680
DOHCOK,DOH,COK,R,V9,QAR,380
DOHCOK,DOH,COK,R,V8,QAR,390
DOHCOK,DOH,COK,R,V7,QAR,400
DOHCOK,DOH,COK,R,V6,QAR,410
DOHCOK,DOH,COK,R,V5,QAR,420
DOHCOK,DOH,COK,R,V4,QAR,430
DOHCOK,DOH,COK,R,V3,QAR,440
DOHCOK,DOH,COK,R,V2,QAR,450
DOHCOK,DOH,COK,R,V1,QAR,465
DOHCOK,DOH,COK,R,V0,QAR,480
DOHCOK,DOH,COK,R,U9,QAR,495
DOHCOK,DOH,COK,R,U8,QAR,510
DOHCOK,DOH,COK,R,U7,QAR,525
DOHCOK,DOH,COK,R,U6,QAR,540
DOHCOK,DOH,COK,R,U5,QAR,555
DOHCOK,DOH,COK,R,U4,QAR,570
DOHCOK,DOH,COK,R,U3,QAR,585
DOHCOK,DOH,COK,R,U2,QAR,600
DOHCOK,DOH,COK,R,U1,QAR,615
DOHCOK,DOH,COK,R,U0,QAR,630
DOHCOK,DOH,COK,R,T9,QAR,645
DOHCOK,DOH,COK,R,T8,QAR,660
DOHCOK,DOH,COK,R,T7,QAR,675
DOHCOK,DOH,COK,R,T6,QAR,690
DOHCOK,DOH,COK,R,T5,QAR,705
DOHCOK,DOH,COK,R,T4,QAR,720
DOHCOK,DOH,COK,R,T3,QAR,735
DOHCOK,DOH,COK,R,T2,QAR,750
DOHCOK,DOH,COK,R,T1,QAR,765
DOHCOK,DOH,COK,R,T0,QAR,780
DOHCOK,DOH,COK,R,R9,QAR,795
DOHCOK,DOH,COK,R,R8,QAR,810
DOHCOK,DOH,COK,R,R7,QAR,825
DOHCOK,DOH,COK,R,R6,QAR,840
DOHCOK,DOH,COK,R,R5,QAR,855
DOHCOK,DOH,COK,R,R4,QAR,870
DOHCOK,DOH,COK,R,R3,QAR,885
DOHCOK,DOH,COK,R,R2,QAR,900
DOHCOK,DOH,COK,R,R1,QAR,915
DOHCOK,DOH,COK,R,R0,QAR,930
DOHCOK,DOH,COK,R,Q9,QAR,945
DOHCOK,DOH,COK,R,Q8,QAR,960
DOHCOK,DOH,COK,R,Q7,QAR,975
DOHCOK,DOH,COK,R,Q6,QAR,990
DOHCOK,DOH,COK,R,Q5,QAR,1005
DOHCOK,DOH,COK,R,Q4,QAR,1020
DOHCOK,DOH,COK,R,Q3,QAR,1035
DOHCOK,DOH,COK,R,Q2,QAR,1050
DOHCOK,DOH,COK,R,Q1,QAR,1065
DOHCOK,DOH,COK,R,Q0,QAR,1080
DOHCOK,DOH,COK,R,Q,QAR,1095
DOHCOK,DOH,COK,R,O,QAR,1110
DOHCOK,DOH,COK,R,N,QAR,1125
DOHCOK,DOH,COK,R,M,QAR,1140
DOHCOK,DOH,COK,R,K,QAR,1155
DOHCOK,DOH,COK,R,J,QAR,1170
DOHCOK,DOH,COK,R,I,QAR,1185
DOHCOK,DOH,COK,R,H,QAR,1200
DOHCOK,DOH,COK,R,F,QAR,1215
DOHCOK,DOH,COK,R,E,QAR,1230
DOHCOK,DOH,COK,R,D,QAR,1245
DOHCOK,DOH,COK,R,C,QAR,1260
DOHCOK,DOH,COK,R,B,QAR,1275
DOHCOK,DOH,COK,R,Y,QAR,1290
DOHBOM,DOH,BOM,L,ZJ,QAR,300
DOHBOM,DOH,BOM,L,ZI,QAR,305
DOHBOM,DOH,BOM,L,ZH,QAR,310
DOHBOM,DOH,BOM,L,ZG,QAR,315
DOHBOM,DOH,BOM,L,ZF,QAR,320
DOHBOM,DOH,BOM,L,ZE,QAR,325
DOHBOM,DOH,BOM,L,ZD,QAR,330
DOHBOM,DOH,BOM,L,ZC,QAR,335
DOHBOM,DOH,BOM,L,ZB,QAR,340
DOHBOM,DOH,BOM,L,ZA,QAR,345
DOHBOM,DOH,BOM,L,Z9,QAR,350
DOHBOM,DOH,BOM,L,Z8,QAR,355
DOHBOM,DOH,BOM,L,Z7,QAR,360
DOHBOM,DOH,BOM,L,Z6,QAR,365
DOHBOM,DOH,BOM,L,Z5,QAR,370
DOHBOM,DOH,BOM,L,Z4,QAR,375
DOHBOM,DOH,BOM,L,Z3,QAR,380
DOHBOM,DOH,BOM,L,Z2,QAR,385
DOHBOM,DOH,BOM,L,Z1,QAR,390
DOHBOM,DOH,BOM,L,Z0,QAR,395
DOHBOM,DOH,BOM,L,V9,QAR,380
DOHBOM,DOH,BOM,L,V8,QAR,386
DOHBOM,DOH,BOM,L,V7,QAR,392
DOHBOM,DOH,BOM,L,V6,QAR,398
DOHBOM,DOH,BOM,L,V5,QAR,404
DOHBOM,DOH,BOM,L,V4,QAR,415
DOHBOM,DOH,BOM,L,V3,QAR,416
DOHBOM,DOH,BOM,L,V2,QAR,422
DOHBOM,DOH,BOM,L,V1,QAR,428
DOHBOM,DOH,BOM,L,V0,QAR,434
DOHBOM,DOH,BOM,L,U9,QAR,440
DOHBOM,DOH,BOM,L,U8,QAR,446
DOHBOM,DOH,BOM,L,U7,QAR,452
DOHBOM,DOH,BOM,L,U6,QAR,458
DOHBOM,DOH,BOM,L,U5,QAR,464
DOHBOM,DOH,BOM,L,U4,QAR,470
DOHBOM,DOH,BOM,L,U3,QAR,476
DOHBOM,DOH,BOM,L,U2,QAR,482
DOHBOM,DOH,BOM,L,U1,QAR,488
DOHBOM,DOH,BOM,L,U0,QAR,494
DOHBOM,DOH,BOM,L,T9,QAR,500
DOHBOM,DOH,BOM,L,T8,QAR,506
DOHBOM,DOH,BOM,L,T7,QAR,512
DOHBOM,DOH,BOM,L,T6,QAR,518
DOHBOM,DOH,BOM,L,T5,QAR,524
DOHBOM,DOH,BOM,L,T4,QAR,530
DOHBOM,DOH,BOM,L,T3,QAR,536
DOHBOM,DOH,BOM,L,T2,QAR,542
DOHBOM,DOH,BOM,L,T1,QAR,548
DOHBOM,DOH,BOM,L,T0,QAR,554
DOHBOM,DOH,BOM,L,R9,QAR,560
DOHBOM,DOH,BOM,L,R8,QAR,566
DOHBOM,DOH,BOM,L,R7,QAR,572
DOHBOM,DOH,BOM,L,R6,QAR,578
DOHBOM,DOH,BOM,L,R5,QAR,584
DOHBOM,DOH,BOM,L,R4,QAR,590
DOHBOM,DOH,BOM,L,R3,QAR,596
DOHBOM,DOH,BOM,L,R2,QAR,602
DOHBOM,DOH,BOM,L,R1,QAR,608
DOHBOM,DOH,BOM,L,R0,QAR,614
DOHBOM,DOH,BOM,L,Q9,QAR,620
DOHBOM,DOH,BOM,L,Q8,QAR,626
DOHBOM,DOH,BOM,L,Q7,QAR,632
DOHBOM,DOH,BOM,L,Q6,QAR,638
DOHBOM,DOH,BOM,L,Q5,QAR,644
DOHBOM,DOH,BOM,L,Q4,QAR,650
DOHBOM,DOH,BOM,L,Q3,QAR,656
DOHBOM,DOH,BOM,L,Q2,QAR,662
DOHBOM,DOH,BOM,L,Q1,QAR,668
DOHBOM,DOH,BOM,L,Q0,QAR,674
DOHBOM,DOH,BOM,L,Q,QAR,680
DOHBOM,DOH,BOM,L,O,QAR,686
DOHBOM,DOH,BOM,L,N,QAR,692
DOHBOM,DOH,BOM,L,M,QAR,698
DOHBOM,DOH,BOM,L,K,QAR,704
DOHBOM,DOH,BOM,L,J,QAR,710
DOHBOM,DOH,BOM,L,I,QAR,716
DOHBOM,DOH,BOM,L,H,QAR,722
DOHBOM,DOH,BOM,L,F,QAR,728
DOHBOM,DOH,BOM,L,E,QAR,734
DOHBOM,DOH,BOM,L,D,QAR,740
DOHBOM,DOH,BOM,L,C,QAR,746
DOHBOM,DOH,BOM,L,B,QAR,752
DOHBOM,DOH,BOM,L,Y,QAR,758
DELJAI,DEL,JAI,L,ZJ,INR,5910
DELJAI,DEL,JAI,L,ZI,INR,6016
DELJAI,DEL,JAI,L,ZH,INR,6120
DELJAI,DEL,JAI,L,ZG,INR,6330
DELJAI,DEL,JAI,L,ZF,INR,6442
DELJAI,DEL,JAI,L,ZE,INR,6563
DELJAI,DEL,JAI,L,ZD,INR,6694
DELJAI,DEL,JAI,L,ZC,INR,6830
DELJAI,DEL,JAI,L,ZB,INR,6978
DELJAI,DEL,JAI,L,ZA,INR,7129
DELJAI,DEL,JAI,L,Z9,INR,7287
DELJAI,DEL,JAI,L,Z8,INR,7455
DELJAI,DEL,JAI,L,Z7,INR,7633
DELJAI,DEL,JAI,L,Z6,INR,7823
DELJAI,DEL,JAI,L,Z5,INR,8023
DELJAI,DEL,JAI,L,Z4,INR,8243
DELJAI,DEL,JAI,L,Z3,INR,8480
DELJAI,DEL,JAI,L,Z2,INR,8737
DELJAI,DEL,JAI,L,Z1,INR,9009
DELJAI,DEL,JAI,L,Z0,INR,9298
DELJAI,DEL,JAI,L,V9,INR,5345
DELJAI,DEL,JAI,L,V8,INR,5452
DELJAI,DEL,JAI,L,V7,INR,5552
DELJAI,DEL,JAI,L,V6,INR,5612
DELJAI,DEL,JAI,L,V5,INR,5712
DELJAI,DEL,JAI,L,V4,INR,5772
DELJAI,DEL,JAI,L,V3,INR,5877
DELJAI,DEL,JAI,L,V2,INR,5987
DELJAI,DEL,JAI,L,V1,INR,6036
DELJAI,DEL,JAI,L,V0,INR,6086
DELJAI,DEL,JAI,L,U9,INR,6137
DELJAI,DEL,JAI,L,U8,INR,6187
DELJAI,DEL,JAI,L,U7,INR,6237
DELJAI,DEL,JAI,L,U6,INR,6338
DELJAI,DEL,JAI,L,U5,INR,6437
DELJAI,DEL,JAI,L,U4,INR,6537
DELJAI,DEL,JAI,L,U3,INR,6657
DELJAI,DEL,JAI,L,U2,INR,6751
DELJAI,DEL,JAI,L,U1,INR,6831
DELJAI,DEL,JAI,L,U0,INR,6931
DELJAI,DEL,JAI,L,T9,INR,7031
DELJAI,DEL,JAI,L,T8,INR,7141
DELJAI,DEL,JAI,L,T7,INR,7241
DELJAI,DEL,JAI,L,T6,INR,7341
DELJAI,DEL,JAI,L,T5,INR,7441
DELJAI,DEL,JAI,L,T4,INR,7541
DELJAI,DEL,JAI,L,T3,INR,7641
DELJAI,DEL,JAI,L,T2,INR,7741
DELJAI,DEL,JAI,L,T1,INR,7841
DELJAI,DEL,JAI,L,T0,INR,7941
DELJAI,DEL,JAI,L,R9,INR,8091
DELJAI,DEL,JAI,L,R8,INR,8291
DELJAI,DEL,JAI,L,R7,INR,8491
DELJAI,DEL,JAI,L,R6,INR,8601
DELJAI,DEL,JAI,L,R5,INR,8801
DELJAI,DEL,JAI,L,R4,INR,8951
DELJAI,DEL,JAI,L,R3,INR,9152
DELJAI,DEL,JAI,L,R2,INR,9351
DELJAI,DEL,JAI,L,R1,INR,9651
DELJAI,DEL,JAI,L,R0,INR,9951
DELJAI,DEL,JAI,L,Q9,INR,10351
DELJAI,DEL,JAI,L,Q8,INR,10706
DELJAI,DEL,JAI,L,Q7,INR,11015
DELJAI,DEL,JAI,L,Q6,INR,11351
DELJAI,DEL,JAI,L,Q5,INR,11707
DELJAI,DEL,JAI,L,Q4,INR,12085
DELJAI,DEL,JAI,L,Q3,INR,12485
DELJAI,DEL,JAI,L,Q2,INR,12910
DELJAI,DEL,JAI,L,Q1,INR,13357
DELJAI,DEL,JAI,L,Q0,INR,13824
DELJAI,DEL,JAI,L,Q,INR,14311
DELJAI,DEL,JAI,L,O,INR,14827
DELJAI,DEL,JAI,L,N,INR,15361
DELJAI,DEL,JAI,L,M,INR,16008
DELJAI,DEL,JAI,L,K,INR,16764
DELJAI,DEL,JAI,L,J,INR,17629
DELJAI,DEL,JAI,L,I,INR,18664
DELJAI,DEL,JAI,L,H,INR,19867
DELJAI,DEL,JAI,L,F,INR,21236
DELJAI,DEL,JAI,L,E,INR,22775
DELJAI,DEL,JAI,L,D,INR,24482
DELJAI,DEL,JAI,L,C,INR,26350
DELJAI,DEL,JAI,L,B,INR,28220
DELJAI,DEL,JAI,L,Y,INR,30446
DELBOM,DEL,BOM,L,ZJ,INR,3223.32
DELBOM,DEL,BOM,L,ZI,INR,3244.32
DELBOM,DEL,BOM,L,ZH,INR,3275.32
DELBOM,DEL,BOM,L,ZG,INR,3303.32
DELBOM,DEL,BOM,L,ZF,INR,3355.32
DELBOM,DEL,BOM,L,ZE,INR,3404.32
DELBOM,DEL,BOM,L,ZD,INR,3454.32
DELBOM,DEL,BOM,L,ZC,INR,3504.32
DELBOM,DEL,BOM,L,ZB,INR,3584.32
DELBOM,DEL,BOM,L,ZA,INR,3664.32
DELBOM,DEL,BOM,L,Z9,INR,3744.32
DELBOM,DEL,BOM,L,Z8,INR,3834.32
DELBOM,DEL,BOM,L,Z7,INR,3954.32
DELBOM,DEL,BOM,L,Z6,INR,4074.32
DELBOM,DEL,BOM,L,Z5,INR,4223.32
DELBOM,DEL,BOM,L,Z4,INR,4424.32
DELBOM,DEL,BOM,L,Z3,INR,4674.32
DELBOM,DEL,BOM,L,Z2,INR,4974.32
DELBOM,DEL,BOM,L,Z1,INR,5323.32
DELBOM,DEL,BOM,L,Z0,INR,5724.32
DELBOM,DEL,BOM,L,V9,INR,4094.32
DELBOM,DEL,BOM,L,V8,INR,4104.32
DELBOM,DEL,BOM,L,V7,INR,4115.32
DELBOM,DEL,BOM,L,V6,INR,4125.32
DELBOM,DEL,BOM,L,V5,INR,4144.32
DELBOM,DEL,BOM,L,V4,INR,4165.32
DELBOM,DEL,BOM,L,V3,INR,4184.32
DELBOM,DEL,BOM,L,V2,INR,4234.32
DELBOM,DEL,BOM,L,V1,INR,4285.32
DELBOM,DEL,BOM,L,V0,INR,4335.32
DELBOM,DEL,BOM,L,U9,INR,4385.32
DELBOM,DEL,BOM,L,U8,INR,4434.32
DELBOM,DEL,BOM,L,U7,INR,4484.32
DELBOM,DEL,BOM,L,U6,INR,4535.32
DELBOM,DEL,BOM,L,U5,INR,4585.32
DELBOM,DEL,BOM,L,U4,INR,4635.32
DELBOM,DEL,BOM,L,U3,INR,4684.32
DELBOM,DEL,BOM,L,U2,INR,4765.32
DELBOM,DEL,BOM,L,U1,INR,4845.32
DELBOM,DEL,BOM,L,U0,INR,4925.32
DELBOM,DEL,BOM,L,T9,INR,5015.32
DELBOM,DEL,BOM,L,T8,INR,5104.32
DELBOM,DEL,BOM,L,T7,INR,5194.32
DELBOM,DEL,BOM,L,T6,INR,5295.32
DELBOM,DEL,BOM,L,T5,INR,5395.32
DELBOM,DEL,BOM,L,T4,INR,5494.32
DELBOM,DEL,BOM,L,T3,INR,5595.32
DELBOM,DEL,BOM,L,T2,INR,5694.32
DELBOM,DEL,BOM,L,T1,INR,5845.32
DELBOM,DEL,BOM,L,T0,INR,5994.32
DELBOM,DEL,BOM,L,R9,INR,6145.32
DELBOM,DEL,BOM,L,R8,INR,6296.32
DELBOM,DEL,BOM,L,R7,INR,6445.32
DELBOM,DEL,BOM,L,R6,INR,6645.32
DELBOM,DEL,BOM,L,R5,INR,6845.32
DELBOM,DEL,BOM,L,R4,INR,7044.32
DELBOM,DEL,BOM,L,R3,INR,7244.32
DELBOM,DEL,BOM,L,R2,INR,7445.32
DELBOM,DEL,BOM,L,R1,INR,7695.32
DELBOM,DEL,BOM,L,R0,INR,7945.32
DELBOM,DEL,BOM,L,Q9,INR,8195.32
DELBOM,DEL,BOM,L,Q8,INR,8495.32
DELBOM,DEL,BOM,L,Q7,INR,8995.32
DELBOM,DEL,BOM,L,Q6,INR,9495.32
DELBOM,DEL,BOM,L,Q5,INR,9995.32
DELBOM,DEL,BOM,L,Q4,INR,10496.32
DELBOM,DEL,BOM,L,Q3,INR,10994.32
DELBOM,DEL,BOM,L,Q2,INR,11494.32
DELBOM,DEL,BOM,L,Q1,INR,11994.32
DELBOM,DEL,BOM,L,Q0,INR,12494.32
DELBOM,DEL,BOM,L,Q,INR,12995.32
DELBOM,DEL,BOM,L,O,INR,13495.32
DELBOM,DEL,BOM,L,N,INR,14195.32
DELBOM,DEL,BOM,L,M,INR,14995.32
DELBOM,DEL,BOM,L,K,INR,15895.32
DELBOM,DEL,BOM,L,J,INR,16796.32
DELBOM,DEL,BOM,L,I,INR,17695.32
DELBOM,DEL,BOM,L,H,INR,18695.32
DELBOM,DEL,BOM,L,F,INR,19696.32
DELBOM,DEL,BOM,L,E,INR,20894.32
DELBOM,DEL,BOM,L,D,INR,22395.32
DELBOM,DEL,BOM,L,C,INR,24195.32
DELBOM,DEL,BOM,L,B,INR,26194.32
DELBOM,DEL,BOM,L,Y,INR,28195.32
BOMDEL,BOM,DEL,L,ZJ,INR,3210
BOMDEL,BOM,DEL,L,ZI,INR,3229
BOMDEL,BOM,DEL,L,ZH,INR,3250
BOMDEL,BOM,DEL,L,ZG,INR,3269
BOMDEL,BOM,DEL,L,ZF,INR,3290
BOMDEL,BOM,DEL,L,ZE,INR,3321
BOMDEL,BOM,DEL,L,ZD,INR,3350
BOMDEL,BOM,DEL,L,ZC,INR,3380
BOMDEL,BOM,DEL,L,ZB,INR,3420
BOMDEL,BOM,DEL,L,ZA,INR,3460
BOMDEL,BOM,DEL,L,Z9,INR,3510
BOMDEL,BOM,DEL,L,Z8,INR,3560
BOMDEL,BOM,DEL,L,Z7,INR,3609
BOMDEL,BOM,DEL,L,Z6,INR,3710
BOMDEL,BOM,DEL,L,Z5,INR,3859
BOMDEL,BOM,DEL,L,Z4,INR,4060
BOMDEL,BOM,DEL,L,Z3,INR,4310
BOMDEL,BOM,DEL,L,Z2,INR,4610
BOMDEL,BOM,DEL,L,Z1,INR,4961
BOMDEL,BOM,DEL,L,Z0,INR,5360
BOMDEL,BOM,DEL,L,V9,INR,4474
BOMDEL,BOM,DEL,L,V8,INR,4484
BOMDEL,BOM,DEL,L,V7,INR,4493
BOMDEL,BOM,DEL,L,V6,INR,4505
BOMDEL,BOM,DEL,L,V5,INR,4524
BOMDEL,BOM,DEL,L,V4,INR,4545
BOMDEL,BOM,DEL,L,V3,INR,4564
BOMDEL,BOM,DEL,L,V2,INR,4613
BOMDEL,BOM,DEL,L,V1,INR,4665
BOMDEL,BOM,DEL,L,V0,INR,4715
BOMDEL,BOM,DEL,L,U9,INR,4764
BOMDEL,BOM,DEL,L,U8,INR,4814
BOMDEL,BOM,DEL,L,U7,INR,4863
BOMDEL,BOM,DEL,L,U6,INR,4913
BOMDEL,BOM,DEL,L,U5,INR,4965
BOMDEL,BOM,DEL,L,U4,INR,5014
BOMDEL,BOM,DEL,L,U3,INR,5064
BOMDEL,BOM,DEL,L,U2,INR,5144
BOMDEL,BOM,DEL,L,U1,INR,5224
BOMDEL,BOM,DEL,L,U0,INR,5305
BOMDEL,BOM,DEL,L,T9,INR,5394
BOMDEL,BOM,DEL,L,T8,INR,5484
BOMDEL,BOM,DEL,L,T7,INR,5574
BOMDEL,BOM,DEL,L,T6,INR,5675
BOMDEL,BOM,DEL,L,T5,INR,5774
BOMDEL,BOM,DEL,L,T4,INR,5873
BOMDEL,BOM,DEL,L,T3,INR,5975
BOMDEL,BOM,DEL,L,T2,INR,6074
BOMDEL,BOM,DEL,L,T1,INR,6225
BOMDEL,BOM,DEL,L,T0,INR,6374
BOMDEL,BOM,DEL,L,R9,INR,6524
BOMDEL,BOM,DEL,L,R8,INR,6673
BOMDEL,BOM,DEL,L,R7,INR,6824
BOMDEL,BOM,DEL,L,R6,INR,7025
BOMDEL,BOM,DEL,L,R5,INR,7223
BOMDEL,BOM,DEL,L,R4,INR,7424
BOMDEL,BOM,DEL,L,R3,INR,7624
BOMDEL,BOM,DEL,L,R2,INR,7825
BOMDEL,BOM,DEL,L,R1,INR,8075
BOMDEL,BOM,DEL,L,R0,INR,8325
BOMDEL,BOM,DEL,L,Q9,INR,8575
BOMDEL,BOM,DEL,L,Q8,INR,8875
BOMDEL,BOM,DEL,L,Q7,INR,9375
BOMDEL,BOM,DEL,L,Q6,INR,9875
BOMDEL,BOM,DEL,L,Q5,INR,10373
BOMDEL,BOM,DEL,L,Q4,INR,10873
BOMDEL,BOM,DEL,L,Q3,INR,11373
BOMDEL,BOM,DEL,L,Q2,INR,11874
BOMDEL,BOM,DEL,L,Q1,INR,12374
BOMDEL,BOM,DEL,L,Q0,INR,12874
BOMDEL,BOM,DEL,L,Q,INR,13374
BOMDEL,BOM,DEL,L,O,INR,13874
BOMDEL,BOM,DEL,L,N,INR,14573
BOMDEL,BOM,DEL,L,M,INR,15375
BOMDEL,BOM,DEL,L,K,INR,16274
BOMDEL,BOM,DEL,L,J,INR,17173
BOMDEL,BOM,DEL,L,I,INR,18174
BOMDEL,BOM,DEL,L,H,INR,19174
BOMDEL,BOM,DEL,L,F,INR,20174
BOMDEL,BOM,DEL,L,E,INR,21373
BOMDEL,BOM,DEL,L,D,INR,22874
BOMDEL,BOM,DEL,L,C,INR,24674
BOMDEL,BOM,DEL,L,B,INR,26675
BOMDEL,BOM,DEL,L,Y,INR,28674
BOMCOK,BOM,COK,L,ZJ,INR,5910
BOMCOK,BOM,COK,L,ZI,INR,6016
BOMCOK,BOM,COK,L,ZH,INR,6120
BOMCOK,BOM,COK,L,ZG,INR,6330
BOMCOK,BOM,COK,L,ZF,INR,6442
BOMCOK,BOM,COK,L,ZE,INR,6563
BOMCOK,BOM,COK,L,ZD,INR,6694
BOMCOK,BOM,COK,L,ZC,INR,6830
BOMCOK,BOM,COK,L,ZB,INR,6978
BOMCOK,BOM,COK,L,ZA,INR,7129
BOMCOK,BOM,COK,L,Z9,INR,7287
BOMCOK,BOM,COK,L,Z8,INR,7455
BOMCOK,BOM,COK,L,Z7,INR,7633
BOMCOK,BOM,COK,L,Z6,INR,7823
BOMCOK,BOM,COK,L,Z5,INR,8023
BOMCOK,BOM,COK,L,Z4,INR,8243
BOMCOK,BOM,COK,L,Z3,INR,8480
BOMCOK,BOM,COK,L,Z2,INR,8737
BOMCOK,BOM,COK,L,Z1,INR,9009
BOMCOK,BOM,COK,L,Z0,INR,9298
BOMCOK,BOM,COK,L,V9,INR,5345
BOMCOK,BOM,COK,L,V8,INR,5452
BOMCOK,BOM,COK,L,V7,INR,5552
BOMCOK,BOM,COK,L,V6,INR,5612
BOMCOK,BOM,COK,L,V5,INR,5712
BOMCOK,BOM,COK,L,V4,INR,5772
BOMCOK,BOM,COK,L,V3,INR,5877
BOMCOK,BOM,COK,L,V2,INR,5987
BOMCOK,BOM,COK,L,V1,INR,6036
BOMCOK,BOM,COK,L,V0,INR,6086
BOMCOK,BOM,COK,L,U9,INR,6137
BOMCOK,BOM,COK,L,U8,INR,6187
BOMCOK,BOM,COK,L,U7,INR,6237
BOMCOK,BOM,COK,L,U6,INR,6338
BOMCOK,BOM,COK,L,U5,INR,6437
BOMCOK,BOM,COK,L,U4,INR,6537
BOMCOK,BOM,COK,L,U3,INR,6657
BOMCOK,BOM,COK,L,U2,INR,6751
BOMCOK,BOM,COK,L,U1,INR,6831
BOMCOK,BOM,COK,L,U0,INR,6931
BOMCOK,BOM,COK,L,T9,INR,7031
BOMCOK,BOM,COK,L,T8,INR,7141
BOMCOK,BOM,COK,L,T7,INR,7241
BOMCOK,BOM,COK,L,T6,INR,7341
BOMCOK,BOM,COK,L,T5,INR,7441
BOMCOK,BOM,COK,L,T4,INR,7541
BOMCOK,BOM,COK,L,T3,INR,7641
BOMCOK,BOM,COK,L,T2,INR,7741
BOMCOK,BOM,COK,L,T1,INR,7841
BOMCOK,BOM,COK,L,T0,INR,7941
BOMCOK,BOM,COK,L,R9,INR,8091
BOMCOK,BOM,COK,L,R8,INR,8291
BOMCOK,BOM,COK,L,R7,INR,8491
BOMCOK,BOM,COK,L,R6,INR,8601
BOMCOK,BOM,COK,L,R5,INR,8801
BOMCOK,BOM,COK,L,R4,INR,8951
BOMCOK,BOM,COK,L,R3,INR,9152
BOMCOK,BOM,COK,L,R2,INR,9351
BOMCOK,BOM,COK,L,R1,INR,9651
BOMCOK,BOM,COK,L,R0,INR,9951
BOMCOK,BOM,COK,L,Q9,INR,10351
BOMCOK,BOM,COK,L,Q8,INR,10706
BOMCOK,BOM,COK,L,Q7,INR,11015
BOMCOK,BOM,COK,L,Q6,INR,11351
BOMCOK,BOM,COK,L,Q5,INR,11707
BOMCOK,BOM,COK,L,Q4,INR,12085
BOMCOK,BOM,COK,L,Q3,INR,12485
BOMCOK,BOM,COK,L,Q2,INR,12910
BOMCOK,BOM,COK,L,Q1,INR,13357
BOMCOK,BOM,COK,L,Q0,INR,13824
BOMCOK,BOM,COK,L,Q,INR,14311
BOMCOK,BOM,COK,L,O,INR,14827
BOMCOK,BOM,COK,L,N,INR,15361
BOMCOK,BOM,COK,L,M,INR,16008
BOMCOK,BOM,COK,L,K,INR,16764
BOMCOK,BOM,COK,L,J,INR,17629
BOMCOK,BOM,COK,L,I,INR,18664
BOMCOK,BOM,COK,L,H,INR,19867
BOMCOK,BOM,COK,L,F,INR,21236
BOMCOK,BOM,COK,L,E,INR,22775
BOMCOK,BOM,COK,L,D,INR,24482
BOMCOK,BOM,COK,L,C,INR,26350
BOMCOK,BOM,COK,L,B,INR,28220
BOMCOK,BOM,COK,L,Y,INR,30446
BLRGAU,BLR,GAU,L,ZJ,INR,5812
BLRGAU,BLR,GAU,L,ZI,INR,5862
BLRGAU,BLR,GAU,L,ZH,INR,5912
BLRGAU,BLR,GAU,L,ZG,INR,6012
BLRGAU,BLR,GAU,L,ZF,INR,6167
BLRGAU,BLR,GAU,L,ZE,INR,6332
BLRGAU,BLR,GAU,L,ZD,INR,6512
BLRGAU,BLR,GAU,L,ZC,INR,6707
BLRGAU,BLR,GAU,L,ZB,INR,6917
BLRGAU,BLR,GAU,L,ZA,INR,7132
BLRGAU,BLR,GAU,L,Z9,INR,7357
BLRGAU,BLR,GAU,L,Z8,INR,7592
BLRGAU,BLR,GAU,L,Z7,INR,7842
BLRGAU,BLR,GAU,L,Z6,INR,8107
BLRGAU,BLR,GAU,L,Z5,INR,8387
BLRGAU,BLR,GAU,L,Z4,INR,8692
BLRGAU,BLR,GAU,L,Z3,INR,9027
BLRGAU,BLR,GAU,L,Z2,INR,9392
BLRGAU,BLR,GAU,L,Z1,INR,9777
BLRGAU,BLR,GAU,L,Z0,INR,10182
BLRGAU,BLR,GAU,L,V9,INR,5003
BLRGAU,BLR,GAU,L,V8,INR,5013
BLRGAU,BLR,GAU,L,V7,INR,5023
BLRGAU,BLR,GAU,L,V6,INR,5033
BLRGAU,BLR,GAU,L,V5,INR,5043
BLRGAU,BLR,GAU,L,V4,INR,5053
BLRGAU,BLR,GAU,L,V3,INR,5063
BLRGAU,BLR,GAU,L,V2,INR,5073
BLRGAU,BLR,GAU,L,V1,INR,5083
BLRGAU,BLR,GAU,L,V0,INR,5093
BLRGAU,BLR,GAU,L,U9,INR,5133
BLRGAU,BLR,GAU,L,U8,INR,5173
BLRGAU,BLR,GAU,L,U7,INR,5213
BLRGAU,BLR,GAU,L,U6,INR,5263
BLRGAU,BLR,GAU,L,U5,INR,5313
BLRGAU,BLR,GAU,L,U4,INR,5363
BLRGAU,BLR,GAU,L,U3,INR,5413
BLRGAU,BLR,GAU,L,U2,INR,5463
BLRGAU,BLR,GAU,L,U1,INR,5513
BLRGAU,BLR,GAU,L,U0,INR,5563
BLRGAU,BLR,GAU,L,T9,INR,5613
BLRGAU,BLR,GAU,L,T8,INR,5663
BLRGAU,BLR,GAU,L,T7,INR,5713
BLRGAU,BLR,GAU,L,T6,INR,5813
BLRGAU,BLR,GAU,L,T5,INR,5913
BLRGAU,BLR,GAU,L,T4,INR,6013
BLRGAU,BLR,GAU,L,T3,INR,6113
BLRGAU,BLR,GAU,L,T2,INR,6213
BLRGAU,BLR,GAU,L,T1,INR,6313
BLRGAU,BLR,GAU,L,T0,INR,6413
BLRGAU,BLR,GAU,L,R9,INR,6613
BLRGAU,BLR,GAU,L,R8,INR,6813
BLRGAU,BLR,GAU,L,R7,INR,7013
BLRGAU,BLR,GAU,L,R6,INR,7213
BLRGAU,BLR,GAU,L,R5,INR,7413
BLRGAU,BLR,GAU,L,R4,INR,7613
BLRGAU,BLR,GAU,L,R3,INR,7813
BLRGAU,BLR,GAU,L,R2,INR,8013
BLRGAU,BLR,GAU,L,R1,INR,8213
BLRGAU,BLR,GAU,L,R0,INR,8413
BLRGAU,BLR,GAU,L,Q9,INR,8813
BLRGAU,BLR,GAU,L,Q8,INR,9097
BLRGAU,BLR,GAU,L,Q7,INR,9347
BLRGAU,BLR,GAU,L,Q6,INR,9617
BLRGAU,BLR,GAU,L,Q5,INR,9907
BLRGAU,BLR,GAU,L,Q4,INR,10212
BLRGAU,BLR,GAU,L,Q3,INR,10537
BLRGAU,BLR,GAU,L,Q2,INR,10882
BLRGAU,BLR,GAU,L,Q1,INR,11242
BLRGAU,BLR,GAU,L,Q0,INR,11622
BLRGAU,BLR,GAU,L,Q,INR,12017
BLRGAU,BLR,GAU,L,O,INR,12432
BLRGAU,BLR,GAU,L,N,INR,12867
BLRGAU,BLR,GAU,L,M,INR,13392
BLRGAU,BLR,GAU,L,K,INR,14007
BLRGAU,BLR,GAU,L,J,INR,14712
BLRGAU,BLR,GAU,L,I,INR,15552
BLRGAU,BLR,GAU,L,H,INR,16527
BLRGAU,BLR,GAU,L,F,INR,17637
BLRGAU,BLR,GAU,L,E,INR,18882
BLRGAU,BLR,GAU,L,D,INR,20262
BLRGAU,BLR,GAU,L,C,INR,21777
BLRGAU,BLR,GAU,L,B,INR,23287
BLRGAU,BLR,GAU,L,Y,INR,25092
BLRDEL,BLR,DEL,L,ZJ,INR,5910
BLRDEL,BLR,DEL,L,ZI,INR,6016
BLRDEL,BLR,DEL,L,ZH,INR,6120
BLRDEL,BLR,DEL,L,ZG,INR,6330
BLRDEL,BLR,DEL,L,ZF,INR,6442
BLRDEL,BLR,DEL,L,ZE,INR,6563
BLRDEL,BLR,DEL,L,ZD,INR,6694
BLRDEL,BLR,DEL,L,ZC,INR,6830
BLRDEL,BLR,DEL,L,ZB,INR,6978
BLRDEL,BLR,DEL,L,ZA,INR,7129
BLRDEL,BLR,DEL,L,Z9,INR,7287
BLRDEL,BLR,DEL,L,Z8,INR,7455
BLRDEL,BLR,DEL,L,Z7,INR,7633
BLRDEL,BLR,DEL,L,Z6,INR,7823
BLRDEL,BLR,DEL,L,Z5,INR,8023
BLRDEL,BLR,DEL,L,Z4,INR,8243
BLRDEL,BLR,DEL,L,Z3,INR,8480
BLRDEL,BLR,DEL,L,Z2,INR,8737
BLRDEL,BLR,DEL,L,Z1,INR,9009
BLRDEL,BLR,DEL,L,Z0,INR,9298
BLRDEL,BLR,DEL,L,V9,INR,5345
BLRDEL,BLR,DEL,L,V8,INR,5452
BLRDEL,BLR,DEL,L,V7,INR,5552
BLRDEL,BLR,DEL,L,V6,INR,5612
BLRDEL,BLR,DEL,L,V5,INR,5712
BLRDEL,BLR,DEL,L,V4,INR,5772
BLRDEL,BLR,DEL,L,V3,INR,5877
BLRDEL,BLR,DEL,L,V2,INR,5987
BLRDEL,BLR,DEL,L,V1,INR,6036
BLRDEL,BLR,DEL,L,V0,INR,6086
BLRDEL,BLR,DEL,L,U9,INR,6137
BLRDEL,BLR,DEL,L,U8,INR,6187
BLRDEL,BLR,DEL,L,U7,INR,6237
BLRDEL,BLR,DEL,L,U6,INR,6338
BLRDEL,BLR,DEL,L,U5,INR,6437
BLRDEL,BLR,DEL,L,U4,INR,6537
BLRDEL,BLR,DEL,L,U3,INR,6657
BLRDEL,BLR,DEL,L,U2,INR,6751
BLRDEL,BLR,DEL,L,U1,INR,6831
BLRDEL,BLR,DEL,L,U0,INR,6931
BLRDEL,BLR,DEL,L,T9,INR,7031
BLRDEL,BLR,DEL,L,T8,INR,7141
BLRDEL,BLR,DEL,L,T7,INR,7241
BLRDEL,BLR,DEL,L,T6,INR,7341
BLRDEL,BLR,DEL,L,T5,INR,7441
BLRDEL,BLR,DEL,L,T4,INR,7541
BLRDEL,BLR,DEL,L,T3,INR,7641
BLRDEL,BLR,DEL,L,T2,INR,7741
BLRDEL,BLR,DEL,L,T1,INR,7841
BLRDEL,BLR,DEL,L,T0,INR,7941
BLRDEL,BLR,DEL,L,R9,INR,8091
BLRDEL,BLR,DEL,L,R8,INR,8291
BLRDEL,BLR,DEL,L,R7,INR,8491
BLRDEL,BLR,DEL,L,R6,INR,8601
BLRDEL,BLR,DEL,L,R5,INR,8801
BLRDEL,BLR,DEL,L,R4,INR,8951
BLRDEL,BLR,DEL,L,R3,INR,9152
BLRDEL,BLR,DEL,L,R2,INR,9351
BLRDEL,BLR,DEL,L,R1,INR,9651
BLRDEL,BLR,DEL,L,R0,INR,9951
BLRDEL,BLR,DEL,L,Q9,INR,10351
BLRDEL,BLR,DEL,L,Q8,INR,10706
BLRDEL,BLR,DEL,L,Q7,INR,11015
BLRDEL,BLR,DEL,L,Q6,INR,11351
BLRDEL,BLR,DEL,L,Q5,INR,11707
BLRDEL,BLR,DEL,L,Q4,INR,12085
BLRDEL,BLR,DEL,L,Q3,INR,12485
BLRDEL,BLR,DEL,L,Q2,INR,12910
BLRDEL,BLR,DEL,L,Q1,INR,13357
BLRDEL,BLR,DEL,L,Q0,INR,13824
BLRDEL,BLR,DEL,L,Q,INR,14311
BLRDEL,BLR,DEL,L,O,INR,14827
BLRDEL,BLR,DEL,L,N,INR,15361
BLRDEL,BLR,DEL,L,M,INR,16008
BLRDEL,BLR,DEL,L,K,INR,16764
BLRDEL,BLR,DEL,L,J,INR,17629
BLRDEL,BLR,DEL,L,I,INR,18664
BLRDEL,BLR,DEL,L,H,INR,19867
BLRDEL,BLR,DEL,L,F,INR,21236
BLRDEL,BLR,DEL,L,E,INR,22775
BLRDEL,BLR,DEL,L,D,INR,24482
BLRDEL,BLR,DEL,L,C,INR,26350
BLRDEL,BLR,DEL,L,B,INR,28220
BLRDEL,BLR,DEL,L,Y,INR,30446
BLRDEL,BLR,DEL,R,ZJ,INR,5910
BLRDEL,BLR,DEL,R,ZI,INR,6016
BLRDEL,BLR,DEL,R,ZH,INR,6120
BLRDEL,BLR,DEL,R,ZG,INR,6330
BLRDEL,BLR,DEL,R,ZF,INR,6442
BLRDEL,BLR,DEL,R,ZE,INR,6563
BLRDEL,BLR,DEL,R,ZD,INR,6694
BLRDEL,BLR,DEL,R,ZC,INR,6830
BLRDEL,BLR,DEL,R,ZB,INR,6978
BLRDEL,BLR,DEL,R,ZA,INR,7129
BLRDEL,BLR,DEL,R,Z9,INR,7287
BLRDEL,BLR,DEL,R,Z8,INR,7455
BLRDEL,BLR,DEL,R,Z7,INR,7633
BLRDEL,BLR,DEL,R,Z6,INR,7823
BLRDEL,BLR,DEL,R,Z5,INR,8023
BLRDEL,BLR,DEL,R,Z4,INR,8243
BLRDEL,BLR,DEL,R,Z3,INR,8480
BLRDEL,BLR,DEL,R,Z2,INR,8737
BLRDEL,BLR,DEL,R,Z1,INR,9009
BLRDEL,BLR,DEL,R,Z0,INR,9298
BLRDEL,BLR,DEL,R,V9,INR,5345
BLRDEL,BLR,DEL,R,V8,INR,5452
BLRDEL,BLR,DEL,R,V7,INR,5552
BLRDEL,BLR,DEL,R,V6,INR,5612
BLRDEL,BLR,DEL,R,V5,INR,5712
BLRDEL,BLR,DEL,R,V4,INR,5772
BLRDEL,BLR,DEL,R,V3,INR,5877
BLRDEL,BLR,DEL,R,V2,INR,5987
BLRDEL,BLR,DEL,R,V1,INR,6036
BLRDEL,BLR,DEL,R,V0,INR,6086
BLRDEL,BLR,DEL,R,U9,INR,6137
BLRDEL,BLR,DEL,R,U8,INR,6187
BLRDEL,BLR,DEL,R,U7,INR,6237
BLRDEL,BLR,DEL,R,U6,INR,6338
BLRDEL,BLR,DEL,R,U5,INR,6437
BLRDEL,BLR,DEL,R,U4,INR,6537
BLRDEL,BLR,DEL,R,U3,INR,6657
BLRDEL,BLR,DEL,R,U2,INR,6751
BLRDEL,BLR,DEL,R,U1,INR,6831
BLRDEL,BLR,DEL,R,U0,INR,6931
BLRDEL,BLR,DEL,R,T9,INR,7031
BLRDEL,BLR,DEL,R,T8,INR,7141
BLRDEL,BLR,DEL,R,T7,INR,7241
BLRDEL,BLR,DEL,R,T6,INR,7341
BLRDEL,BLR,DEL,R,T5,INR,7441
BLRDEL,BLR,DEL,R,T4,INR,7541
BLRDEL,BLR,DEL,R,T3,INR,7641
BLRDEL,BLR,DEL,R,T2,INR,7741
BLRDEL,BLR,DEL,R,T1,INR,7841
BLRDEL,BLR,DEL,R,T0,INR,7941
BLRDEL,BLR,DEL,R,R9,INR,8091
BLRDEL,BLR,DEL,R,R8,INR,8291
BLRDEL,BLR,DEL,R,R7,INR,8491
BLRDEL,BLR,DEL,R,R6,INR,8601
BLRDEL,BLR,DEL,R,R5,INR,8801
BLRDEL,BLR,DEL,R,R4,INR,8951
BLRDEL,BLR,DEL,R,R3,INR,9152
BLRDEL,BLR,DEL,R,R2,INR,9351
BLRDEL,BLR,DEL,R,R1,INR,9651
BLRDEL,BLR,DEL,R,R0,INR,9951
BLRDEL,BLR,DEL,R,Q9,INR,10351
BLRDEL,BLR,DEL,R,Q8,INR,10706
BLRDEL,BLR,DEL,R,Q7,INR,11015
BLRDEL,BLR,DEL,R,Q6,INR,11351
BLRDEL,BLR,DEL,R,Q5,INR,11707
BLRDEL,BLR,DEL,R,Q4,INR,12085
BLRDEL,BLR,DEL,R,Q3,INR,12485
BLRDEL,BLR,DEL,R,Q2,INR,12910
BLRDEL,BLR,DEL,R,Q1,INR,13357
BLRDEL,BLR,DEL,R,Q0,INR,13824
BLRDEL,BLR,DEL,R,Q,INR,14311
BLRDEL,BLR,DEL,R,O,INR,14827
BLRDEL,BLR,DEL,R,N,INR,15361
BLRDEL,BLR,DEL,R,M,INR,16008
BLRDEL,BLR,DEL,R,K,INR,16764
BLRDEL,BLR,DEL,R,J,INR,17629
BLRDEL,BLR,DEL,R,I,INR,18664
BLRDEL,BLR,DEL,R,H,INR,19867
BLRDEL,BLR,DEL,R,F,INR,21236
BLRDEL,BLR,DEL,R,E,INR,22775
BLRDEL,BLR,DEL,R,D,INR,24482
BLRDEL,BLR,DEL,R,C,INR,26350
BLRDEL,BLR,DEL,R,B,INR,28220
BLRDEL,BLR,DEL,R,Y,INR,30446
BLRAMD,BLR,AMD,L,ZJ,INR,3210
BLRAMD,BLR,AMD,L,ZI,INR,3229
BLRAMD,BLR,AMD,L,ZH,INR,3250
BLRAMD,BLR,AMD,L,ZG,INR,3269
BLRAMD,BLR,AMD,L,ZF,INR,3290
BLRAMD,BLR,AMD,L,ZE,INR,3321
BLRAMD,BLR,AMD,L,ZD,INR,3350
BLRAMD,BLR,AMD,L,ZC,INR,3380
BLRAMD,BLR,AMD,L,ZB,INR,3420
BLRAMD,BLR,AMD,L,ZA,INR,3460
BLRAMD,BLR,AMD,L,Z9,INR,3510
BLRAMD,BLR,AMD,L,Z8,INR,3560
BLRAMD,BLR,AMD,L,Z7,INR,3609
BLRAMD,BLR,AMD,L,Z6,INR,3710
BLRAMD,BLR,AMD,L,Z5,INR,3859
BLRAMD,BLR,AMD,L,Z4,INR,4060
BLRAMD,BLR,AMD,L,Z3,INR,4310
BLRAMD,BLR,AMD,L,Z2,INR,4610
BLRAMD,BLR,AMD,L,Z1,INR,4961
BLRAMD,BLR,AMD,L,Z0,INR,5360
BLRAMD,BLR,AMD,L,V9,INR,4474
BLRAMD,BLR,AMD,L,V8,INR,4484
BLRAMD,BLR,AMD,L,V7,INR,4493
BLRAMD,BLR,AMD,L,V6,INR,4505
BLRAMD,BLR,AMD,L,V5,INR,4524
BLRAMD,BLR,AMD,L,V4,INR,4545
BLRAMD,BLR,AMD,L,V3,INR,4564
BLRAMD,BLR,AMD,L,V2,INR,4613
BLRAMD,BLR,AMD,L,V1,INR,4665
BLRAMD,BLR,AMD,L,V0,INR,4715
BLRAMD,BLR,AMD,L,U9,INR,4764
BLRAMD,BLR,AMD,L,U8,INR,4814
BLRAMD,BLR,AMD,L,U7,INR,4863
BLRAMD,BLR,AMD,L,U6,INR,4913
BLRAMD,BLR,AMD,L,U5,INR,4965
BLRAMD,BLR,AMD,L,U4,INR,5014
BLRAMD,BLR,AMD,L,U3,INR,5064
BLRAMD,BLR,AMD,L,U2,INR,5144
BLRAMD,BLR,AMD,L,U1,INR,5224
BLRAMD,BLR,AMD,L,U0,INR,5305
BLRAMD,BLR,AMD,L,T9,INR,5394
BLRAMD,BLR,AMD,L,T8,INR,5484
BLRAMD,BLR,AMD,L,T7,INR,5574
BLRAMD,BLR,AMD,L,T6,INR,5675
BLRAMD,BLR,AMD,L,T5,INR,5774
BLRAMD,BLR,AMD,L,T4,INR,5873
BLRAMD,BLR,AMD,L,T3,INR,5975
BLRAMD,BLR,AMD,L,T2,INR,6074
BLRAMD,BLR,AMD,L,T1,INR,6225
BLRAMD,BLR,AMD,L,T0,INR,6374
BLRAMD,BLR,AMD,L,R9,INR,6524
BLRAMD,BLR,AMD,L,R8,INR,6673
BLRAMD,BLR,AMD,L,R7,INR,6824
BLRAMD,BLR,AMD,L,R6,INR,7025
BLRAMD,BLR,AMD,L,R5,INR,7223
BLRAMD,BLR,AMD,L,R4,INR,7424
BLRAMD,BLR,AMD,L,R3,INR,7624
BLRAMD,BLR,AMD,L,R2,INR,7825
BLRAMD,BLR,AMD,L,R1,INR,8075
BLRAMD,BLR,AMD,L,R0,INR,8325
BLRAMD,BLR,AMD,L,Q9,INR,8575
BLRAMD,BLR,AMD,L,Q8,INR,8875
BLRAMD,BLR,AMD,L,Q7,INR,9375
BLRAMD,BLR,AMD,L,Q6,INR,9875
BLRAMD,BLR,AMD,L,Q5,INR,10373
BLRAMD,BLR,AMD,L,Q4,INR,10873
BLRAMD,BLR,AMD,L,Q3,INR,11373
BLRAMD,BLR,AMD,L,Q2,INR,11874
BLRAMD,BLR,AMD,L,Q1,INR,12374
BLRAMD,BLR,AMD,L,Q0,INR,12874
BLRAMD,BLR,AMD,L,Q,INR,13374
BLRAMD,BLR,AMD,L,O,INR,13874
BLRAMD,BLR,AMD,L,N,INR,14573
BLRAMD,BLR,AMD,L,M,INR,15375
BLRAMD,BLR,AMD,L,K,INR,16274
BLRAMD,BLR,AMD,L,J,INR,17173
BLRAMD,BLR,AMD,L,I,INR,18174
BLRAMD,BLR,AMD,L,H,INR,19174
BLRAMD,BLR,AMD,L,F,INR,20174
BLRAMD,BLR,AMD,L,E,INR,21373
BLRAMD,BLR,AMD,L,D,INR,22874
BLRAMD,BLR,AMD,L,C,INR,24674
BLRAMD,BLR,AMD,L,B,INR,26675
BLRAMD,BLR,AMD,L,Y,INR,28674
AMDGWL,AMD,GWL,L,ZJ,INR,5910
AMDGWL,AMD,GWL,L,ZI,INR,6016
AMDGWL,AMD,GWL,L,ZH,INR,6120
AMDGWL,AMD,GWL,L,ZG,INR,6330
AMDGWL,AMD,GWL,L,ZF,INR,6442
AMDGWL,AMD,GWL,L,ZE,INR,6563
AMDGWL,AMD,GWL,L,ZD,INR,6694
AMDGWL,AMD,GWL,L,ZC,INR,6830
AMDGWL,AMD,GWL,L,ZB,INR,6978
AMDGWL,AMD,GWL,L,ZA,INR,7129
AMDGWL,AMD,GWL,L,Z9,INR,7287
AMDGWL,AMD,GWL,L,Z8,INR,7455
AMDGWL,AMD,GWL,L,Z7,INR,7633
AMDGWL,AMD,GWL,L,Z6,INR,7823
AMDGWL,AMD,GWL,L,Z5,INR,8023
AMDGWL,AMD,GWL,L,Z4,INR,8243
AMDGWL,AMD,GWL,L,Z3,INR,8480
AMDGWL,AMD,GWL,L,Z2,INR,8737
AMDGWL,AMD,GWL,L,Z1,INR,9009
AMDGWL,AMD,GWL,L,Z0,INR,9298
AMDGWL,AMD,GWL,L,V9,INR,5345
AMDGWL,AMD,GWL,L,V8,INR,5452
AMDGWL,AMD,GWL,L,V7,INR,5552
AMDGWL,AMD,GWL,L,V6,INR,5612
AMDGWL,AMD,GWL,L,V5,INR,5712
AMDGWL,AMD,GWL,L,V4,INR,5772
AMDGWL,AMD,GWL,L,V3,INR,5877
AMDGWL,AMD,GWL,L,V2,INR,5987
AMDGWL,AMD,GWL,L,V1,INR,6036
AMDGWL,AMD,GWL,L,V0,INR,6086
AMDGWL,AMD,GWL,L,U9,INR,6137
AMDGWL,AMD,GWL,L,U8,INR,6187
AMDGWL,AMD,GWL,L,U7,INR,6237
AMDGWL,AMD,GWL,L,U6,INR,6338
AMDGWL,AMD,GWL,L,U5,INR,6437
AMDGWL,AMD,GWL,L,U4,INR,6537
AMDGWL,AMD,GWL,L,U3,INR,6657
AMDGWL,AMD,GWL,L,U2,INR,6751
AMDGWL,AMD,GWL,L,U1,INR,6831
AMDGWL,AMD,GWL,L,U0,INR,6931
AMDGWL,AMD,GWL,L,T9,INR,7031
AMDGWL,AMD,GWL,L,T8,INR,7141
AMDGWL,AMD,GWL,L,T7,INR,7241
AMDGWL,AMD,GWL,L,T6,INR,7341
AMDGWL,AMD,GWL,L,T5,INR,7441
AMDGWL,AMD,GWL,L,T4,INR,7541
AMDGWL,AMD,GWL,L,T3,INR,7641
AMDGWL,AMD,GWL,L,T2,INR,7741
AMDGWL,AMD,GWL,L,T1,INR,7841
AMDGWL,AMD,GWL,L,T0,INR,7941
AMDGWL,AMD,GWL,L,R9,INR,8091
AMDGWL,AMD,GWL,L,R8,INR,8291
AMDGWL,AMD,GWL,L,R7,INR,8491
AMDGWL,AMD,GWL,L,R6,INR,8601
AMDGWL,AMD,GWL,L,R5,INR,8801
AMDGWL,AMD,GWL,L,R4,INR,8951
AMDGWL,AMD,GWL,L,R3,INR,9152
AMDGWL,AMD,GWL,L,R2,INR,9351
AMDGWL,AMD,GWL,L,R1,INR,9651
AMDGWL,AMD,GWL,L,R0,INR,9951
AMDGWL,AMD,GWL,L,Q9,INR,10351
AMDGWL,AMD,GWL,L,Q8,INR,10706
AMDGWL,AMD,GWL,L,Q7,INR,11015
AMDGWL,AMD,GWL,L,Q6,INR,11351
AMDGWL,AMD,GWL,L,Q5,INR,11707
AMDGWL,AMD,GWL,L,Q4,INR,12085
AMDGWL,AMD,GWL,L,Q3,INR,12485
AMDGWL,AMD,GWL,L,Q2,INR,12910
AMDGWL,AMD,GWL,L,Q1,INR,13357
AMDGWL,AMD,GWL,L,Q0,INR,13824
AMDGWL,AMD,GWL,L,Q,INR,14311
AMDGWL,AMD,GWL,L,O,INR,14827
AMDGWL,AMD,GWL,L,N,INR,15361
AMDGWL,AMD,GWL,L,M,INR,16008
AMDGWL,AMD,GWL,L,K,INR,16764
AMDGWL,AMD,GWL,L,J,INR,17629
AMDGWL,AMD,GWL,L,I,INR,18664
AMDGWL,AMD,GWL,L,H,INR,19867
AMDGWL,AMD,GWL,L,F,INR,21236
AMDGWL,AMD,GWL,L,E,INR,22775
AMDGWL,AMD,GWL,L,D,INR,24482
AMDGWL,AMD,GWL,L,C,INR,26350
AMDGWL,AMD,GWL,L,B,INR,28220
AMDGWL,AMD,GWL,L,Y,INR,30446
AMDDEL,AMD,DEL,L,ZJ,INR,5910
AMDDEL,AMD,DEL,L,ZI,INR,6016
AMDDEL,AMD,DEL,L,ZH,INR,6120
AMDDEL,AMD,DEL,L,ZG,INR,6330
AMDDEL,AMD,DEL,L,ZF,INR,6442
AMDDEL,AMD,DEL,L,ZE,INR,6563
AMDDEL,AMD,DEL,L,ZD,INR,6694
AMDDEL,AMD,DEL,L,ZC,INR,6830
AMDDEL,AMD,DEL,L,ZB,INR,6978
AMDDEL,AMD,DEL,L,ZA,INR,7129
AMDDEL,AMD,DEL,L,Z9,INR,7287
AMDDEL,AMD,DEL,L,Z8,INR,7455
AMDDEL,AMD,DEL,L,Z7,INR,7633
AMDDEL,AMD,DEL,L,Z6,INR,7823
AMDDEL,AMD,DEL,L,Z5,INR,8023
AMDDEL,AMD,DEL,L,Z4,INR,8243
AMDDEL,AMD,DEL,L,Z3,INR,8480
AMDDEL,AMD,DEL,L,Z2,INR,8737
AMDDEL,AMD,DEL,L,Z1,INR,9009
AMDDEL,AMD,DEL,L,Z0,INR,9298
AMDDEL,AMD,DEL,L,V9,INR,5345
AMDDEL,AMD,DEL,L,V8,INR,5452
AMDDEL,AMD,DEL,L,V7,INR,5552
AMDDEL,AMD,DEL,L,V6,INR,5612
AMDDEL,AMD,DEL,L,V5,INR,5712
AMDDEL,AMD,DEL,L,V4,INR,5772
AMDDEL,AMD,DEL,L,V3,INR,5877
AMDDEL,AMD,DEL,L,V2,INR,5987
AMDDEL,AMD,DEL,L,V1,INR,6036
AMDDEL,AMD,DEL,L,V0,INR,6086
AMDDEL,AMD,DEL,L,U9,INR,6137
AMDDEL,AMD,DEL,L,U8,INR,6187
AMDDEL,AMD,DEL,L,U7,INR,6237
AMDDEL,AMD,DEL,L,U6,INR,6338
AMDDEL,AMD,DEL,L,U5,INR,6437
AMDDEL,AMD,DEL,L,U4,INR,6537
AMDDEL,AMD,DEL,L,U3,INR,6657
AMDDEL,AMD,DEL,L,U2,INR,6751
AMDDEL,AMD,DEL,L,U1,INR,6831
AMDDEL,AMD,DEL,L,U0,INR,6931
AMDDEL,AMD,DEL,L,T9,INR,7031
AMDDEL,AMD,DEL,L,T8,INR,7141
AMDDEL,AMD,DEL,L,T7,INR,7241
AMDDEL,AMD,DEL,L,T6,INR,7341
AMDDEL,AMD,DEL,L,T5,INR,7441
AMDDEL,AMD,DEL,L,T4,INR,7541
AMDDEL,AMD,DEL,L,T3,INR,7641
AMDDEL,AMD,DEL,L,T2,INR,7741
AMDDEL,AMD,DEL,L,T1,INR,7841
AMDDEL,AMD,DEL,L,T0,INR,7941
AMDDEL,AMD,DEL,L,R9,INR,8091
AMDDEL,AMD,DEL,L,R8,INR,8291
AMDDEL,AMD,DEL,L,R7,INR,8491
AMDDEL,AMD,DEL,L,R6,INR,8601
AMDDEL,AMD,DEL,L,R5,INR,8801
AMDDEL,AMD,DEL,L,R4,INR,8951
AMDDEL,AMD,DEL,L,R3,INR,9152
AMDDEL,AMD,DEL,L,R2,INR,9351
AMDDEL,AMD,DEL,L,R1,INR,9651
AMDDEL,AMD,DEL,L,R0,INR,9951
AMDDEL,AMD,DEL,L,Q9,INR,10351
AMDDEL,AMD,DEL,L,Q8,INR,10706
AMDDEL,AMD,DEL,L,Q7,INR,11015
AMDDEL,AMD,DEL,L,Q6,INR,11351
AMDDEL,AMD,DEL,L,Q5,INR,11707
AMDDEL,AMD,DEL,L,Q4,INR,12085
AMDDEL,AMD,DEL,L,Q3,INR,12485
AMDDEL,AMD,DEL,L,Q2,INR,12910
AMDDEL,AMD,DEL,L,Q1,INR,13357
AMDDEL,AMD,DEL,L,Q0,INR,13824
AMDDEL,AMD,DEL,L,Q,INR,14311
AMDDEL,AMD,DEL,L,O,INR,14827
AMDDEL,AMD,DEL,L,N,INR,15361
AMDDEL,AMD,DEL,L,M,INR,16008
AMDDEL,AMD,DEL,L,K,INR,16764
AMDDEL,AMD,DEL,L,J,INR,17629
AMDDEL,AMD,DEL,L,I,INR,18664
AMDDEL,AMD,DEL,L,H,INR,19867
AMDDEL,AMD,DEL,L,F,INR,21236
AMDDEL,AMD,DEL,L,E,INR,22775
AMDDEL,AMD,DEL,L,D,INR,24482
AMDDEL,AMD,DEL,L,C,INR,26350
AMDDEL,AMD,DEL,L,B,INR,28220
AMDDEL,AMD,DEL,L,Y,INR,30446
BOMDEL,BOM,DEL,L,TF,INR,3500
BOMDEL,BOM,DEL,L,TE,INR,3800
BOMDEL,BOM,DEL,L,TD,INR,4500
BOMDEL,BOM,DEL,L,TC,INR,5200
BOMDEL,BOM,DEL,L,TB,INR,5750
BOMDEL,BOM,DEL,L,TY,INR,9000
BOMJAI,BOM,JAI,L,ZJ,INR,5910
BOMJAI,BOM,JAI,L,ZI,INR,6016
BOMJAI,BOM,JAI,L,ZH,INR,6120
BOMJAI,BOM,JAI,L,ZG,INR,6330
BOMJAI,BOM,JAI,L,ZF,INR,6442
BOMJAI,BOM,JAI,L,ZE,INR,6563
BOMJAI,BOM,JAI,L,ZD,INR,6694
BOMJAI,BOM,JAI,L,ZC,INR,6830
BOMJAI,BOM,JAI,L,ZB,INR,6978
BOMJAI,BOM,JAI,L,ZA,INR,7129
BOMJAI,BOM,JAI,L,Z9,INR,7287
BOMJAI,BOM,JAI,L,Z8,INR,7455
BOMJAI,BOM,JAI,L,Z7,INR,7633
BOMJAI,BOM,JAI,L,Z6,INR,7823
BOMJAI,BOM,JAI,L,Z5,INR,8023
BOMJAI,BOM,JAI,L,Z4,INR,8243
BOMJAI,BOM,JAI,L,Z3,INR,8480
BOMJAI,BOM,JAI,L,Z2,INR,8737
BOMJAI,BOM,JAI,L,Z1,INR,9009
BOMJAI,BOM,JAI,L,Z0,INR,9298
BOMJAI,BOM,JAI,L,V9,INR,5345
BOMJAI,BOM,JAI,L,V8,INR,5452
BOMJAI,BOM,JAI,L,V7,INR,5552
BOMJAI,BOM,JAI,L,V6,INR,5612
BOMJAI,BOM,JAI,L,V5,INR,5712
BOMJAI,BOM,JAI,L,V4,INR,5772
BOMJAI,BOM,JAI,L,V3,INR,5877
BOMJAI,BOM,JAI,L,V2,INR,5987
BOMJAI,BOM,JAI,L,V1,INR,6036
BOMJAI,BOM,JAI,L,V0,INR,6086
BOMJAI,BOM,JAI,L,U9,INR,6137
BOMJAI,BOM,JAI,L,U8,INR,6187
BOMJAI,BOM,JAI,L,U7,INR,6237
BOMJAI,BOM,JAI,L,U6,INR,6338
BOMJAI,BOM,JAI,L,U5,INR,6437
BOMJAI,BOM,JAI,L,U4,INR,6537
BOMJAI,BOM,JAI,L,U3,INR,6657
BOMJAI,BOM,JAI,L,U2,INR,6751
BOMJAI,BOM,JAI,L,U1,INR,6831
BOMJAI,BOM,JAI,L,U0,INR,6931
BOMJAI,BOM,JAI,L,T9,INR,7031
BOMJAI,BOM,JAI,L,T8,INR,7141
BOMJAI,BOM,JAI,L,T7,INR,7241
BOMJAI,BOM,JAI,L,T6,INR,7341
BOMJAI,BOM,JAI,L,T5,INR,7441
BOMJAI,BOM,JAI,L,T4,INR,7541
BOMJAI,BOM,JAI,L,T3,INR,7641
BOMJAI,BOM,JAI,L,T2,INR,7741
BOMJAI,BOM,JAI,L,T1,INR,7841
BOMJAI,BOM,JAI,L,T0,INR,7941
BOMJAI,BOM,JAI,L,R9,INR,8091
BOMJAI,BOM,JAI,L,R8,INR,8291
BOMJAI,BOM,JAI,L,R7,INR,8491
BOMJAI,BOM,JAI,L,R6,INR,8601
BOMJAI,BOM,JAI,L,R5,INR,8801
BOMJAI,BOM,JAI,L,R4,INR,8951
BOMJAI,BOM,JAI,L,R3,INR,9152
BOMJAI,BOM,JAI,L,R2,INR,9351
BOMJAI,BOM,JAI,L,R1,INR,9651
BOMJAI,BOM,JAI,L,R0,INR,9951
BOMJAI,BOM,JAI,L,Q9,INR,10351
BOMJAI,BOM,JAI,L,Q8,INR,10706
BOMJAI,BOM,JAI,L,Q7,INR,11015
BOMJAI,BOM,JAI,L,Q6,INR,11351
BOMJAI,BOM,JAI,L,Q5,INR,11707
BOMJAI,BOM,JAI,L,Q4,INR,12085
BOMJAI,BOM,JAI,L,Q3,INR,12485
BOMJAI,BOM,JAI,L,Q2,INR,12910
BOMJAI,BOM,JAI,L,Q1,INR,13357
BOMJAI,BOM,JAI,L,Q0,INR,13824
BOMJAI,BOM,JAI,L,Q,INR,14311
BOMJAI,BOM,JAI,L,O,INR,14827
BOMJAI,BOM,JAI,L,N,INR,15361
BOMJAI,BOM,JAI,L,M,INR,16008
BOMJAI,BOM,JAI,L,K,INR,16764
BOMJAI,BOM,JAI,L,J,INR,17629
BOMJAI,BOM,JAI,L,I,INR,18664
BOMJAI,BOM,JAI,L,H,INR,19867
BOMJAI,BOM,JAI,L,F,INR,21236
BOMJAI,BOM,JAI,L,E,INR,22775
BOMJAI,BOM,JAI,L,D,INR,24482
BOMJAI,BOM,JAI,L,C,INR,26350
BOMJAI,BOM,JAI,L,B,INR,28220
BOMJAI,BOM,JAI,L,Y,INR,30446
BOMJAI,BOM,JAI,L,TF,INR,3500
BOMJAI,BOM,JAI,L,TE,INR,3800
BOMJAI,BOM,JAI,L,TD,INR,4500
BOMJAI,BOM,JAI,L,TC,INR,5200
BOMJAI,BOM,JAI,L,TB,INR,5750
BOMJAI,BOM,JAI,L,TY,INR,11000
JSAJAI,JSA,JAI,L,ZJ,INR,5910
JSAJAI,JSA,JAI,L,ZI,INR,6016
JSAJAI,JSA,JAI,L,ZH,INR,6120
JSAJAI,JSA,JAI,L,ZG,INR,6330
JSAJAI,JSA,JAI,L,ZF,INR,6442
JSAJAI,JSA,JAI,L,ZE,INR,6563
JSAJAI,JSA,JAI,L,ZD,INR,6694
JSAJAI,JSA,JAI,L,ZC,INR,6830
JSAJAI,JSA,JAI,L,ZB,INR,6978
JSAJAI,JSA,JAI,L,ZA,INR,7129
JSAJAI,JSA,JAI,L,Z9,INR,7287
JSAJAI,JSA,JAI,L,Z8,INR,7455
JSAJAI,JSA,JAI,L,Z7,INR,7633
JSAJAI,JSA,JAI,L,Z6,INR,7823
JSAJAI,JSA,JAI,L,Z5,INR,8023
JSAJAI,JSA,JAI,L,Z4,INR,8243
JSAJAI,JSA,JAI,L,Z3,INR,8480
JSAJAI,JSA,JAI,L,Z2,INR,8737
JSAJAI,JSA,JAI,L,Z1,INR,9009
JSAJAI,JSA,JAI,L,Z0,INR,9298
JSAJAI,JSA,JAI,L,V9,INR,5345
JSAJAI,JSA,JAI,L,V8,INR,5452
JSAJAI,JSA,JAI,L,V7,INR,5552
JSAJAI,JSA,JAI,L,V6,INR,5612
JSAJAI,JSA,JAI,L,V5,INR,5712
JSAJAI,JSA,JAI,L,V4,INR,5772
JSAJAI,JSA,JAI,L,V3,INR,5877
JSAJAI,JSA,JAI,L,V2,INR,5987
JSAJAI,JSA,JAI,L,V1,INR,6036
JSAJAI,JSA,JAI,L,V0,INR,6086
JSAJAI,JSA,JAI,L,U9,INR,6137
JSAJAI,JSA,JAI,L,U8,INR,6187
JSAJAI,JSA,JAI,L,U7,INR,6237
JSAJAI,JSA,JAI,L,U6,INR,6338
JSAJAI,JSA,JAI,L,U5,INR,6437
JSAJAI,JSA,JAI,L,U4,INR,6537
JSAJAI,JSA,JAI,L,U3,INR,6657
JSAJAI,JSA,JAI,L,U2,INR,6751
JSAJAI,JSA,JAI,L,U1,INR,6831
JSAJAI,JSA,JAI,L,U0,INR,6931
JSAJAI,JSA,JAI,L,T9,INR,7031
JSAJAI,JSA,JAI,L,T8,INR,7141
JSAJAI,JSA,JAI,L,T7,INR,7241
JSAJAI,JSA,JAI,L,T6,INR,7341
JSAJAI,JSA,JAI,L,T5,INR,7441
JSAJAI,JSA,JAI,L,T4,INR,7541
JSAJAI,JSA,JAI,L,T3,INR,7641
JSAJAI,JSA,JAI,L,T2,INR,7741
JSAJAI,JSA,JAI,L,T1,INR,7841
JSAJAI,JSA,JAI,L,T0,INR,7941
JSAJAI,JSA,JAI,L,R9,INR,8091
JSAJAI,JSA,JAI,L,R8,INR,8291
JSAJAI,JSA,JAI,L,R7,INR,8491
JSAJAI,JSA,JAI,L,R6,INR,8601
JSAJAI,JSA,JAI,L,R5,INR,8801
JSAJAI,JSA,JAI,L,R4,INR,8951
JSAJAI,JSA,JAI,L,R3,INR,9152
JSAJAI,JSA,JAI,L,R2,INR,9351
JSAJAI,JSA,JAI,L,R1,INR,9651
JSAJAI,JSA,JAI,L,R0,INR,9951
JSAJAI,JSA,JAI,L,Q9,INR,10351
JSAJAI,JSA,JAI,L,Q8,INR,10706
JSAJAI,JSA,JAI,L,Q7,INR,11015
JSAJAI,JSA,JAI,L,Q6,INR,11351
JSAJAI,JSA,JAI,L,Q5,INR,11707
JSAJAI,JSA,JAI,L,Q4,INR,12085
JSAJAI,JSA,JAI,L,Q3,INR,12485
JSAJAI,JSA,JAI,L,Q2,INR,12910
JSAJAI,JSA,JAI,L,Q1,INR,13357
JSAJAI,JSA,JAI,L,Q0,INR,13824
JSAJAI,JSA,JAI,L,Q,INR,14311
JSAJAI,JSA,JAI,L,O,INR,14827
JSAJAI,JSA,JAI,L,N,INR,15361
JSAJAI,JSA,JAI,L,M,INR,16008
JSAJAI,JSA,JAI,L,K,INR,16764
JSAJAI,JSA,JAI,L,J,INR,17629
JSAJAI,JSA,JAI,L,I,INR,18664
JSAJAI,JSA,JAI,L,H,INR,19867
JSAJAI,JSA,JAI,L,F,INR,21236
JSAJAI,JSA,JAI,L,E,INR,22775
JSAJAI,JSA,JAI,L,D,INR,24482
JSAJAI,JSA,JAI,L,C,INR,26350
JSAJAI,JSA,JAI,L,B,INR,28220
JSAJAI,JSA,JAI,L,Y,INR,30446
BLRDEL,BLR,DEL,L,TF,INR,21236
BLRDEL,BLR,DEL,L,TE,INR,22775
BLRDEL,BLR,DEL,L,TY,INR,30446
BOMDEL,BOM,DEL,L,GJ,INR,4500
BOMDEL,BOM,DEL,L,GI,INR,4800
BOMDEL,BOM,DEL,L,GH,INR,5300
BOMDEL,BOM,DEL,L,GG,INR,6000
BOMDEL,BOM,DEL,L,GF,INR,6500
BOMDEL,BOM,DEL,L,GE,INR,7000
BOMDEL,BOM,DEL,L,GD,INR,7100
BOMDEL,BOM,DEL,L,GC,INR,7200
BOMDEL,BOM,DEL,L,GB,INR,9000
BOMDEL,BOM,DEL,L,GA,INR,10000
BOMINR,BOM,INR,L,ZJ,INR,3210
BOMINR,BOM,INR,L,ZI,INR,3229
BOMINR,BOM,INR,L,ZH,INR,3250
BOMINR,BOM,INR,L,ZG,INR,3269
BOMINR,BOM,INR,L,ZF,INR,3290
BOMINR,BOM,INR,L,ZE,INR,3321
BOMINR,BOM,INR,L,ZD,INR,3350
BOMINR,BOM,INR,L,ZC,INR,3380
BOMINR,BOM,INR,L,ZB,INR,3420
BOMINR,BOM,INR,L,ZA,INR,3460
BOMINR,BOM,INR,L,Z9,INR,3510
BOMINR,BOM,INR,L,Z8,INR,3560
BOMINR,BOM,INR,L,Z7,INR,3609
BOMINR,BOM,INR,L,Z6,INR,3710
BOMINR,BOM,INR,L,Z5,INR,3859
BOMINR,BOM,INR,L,Z4,INR,4060
BOMINR,BOM,INR,L,Z3,INR,4310
BOMINR,BOM,INR,L,Z2,INR,4610
BOMINR,BOM,INR,L,Z1,INR,4961
BOMINR,BOM,INR,L,Z0,INR,5360
BOMINR,BOM,INR,L,V9,INR,4474
BOMINR,BOM,INR,L,V8,INR,4484
BOMINR,BOM,INR,L,V7,INR,4493
BOMINR,BOM,INR,L,V6,INR,4505
BOMINR,BOM,INR,L,V5,INR,4524
BOMINR,BOM,INR,L,V4,INR,4545
BOMINR,BOM,INR,L,V3,INR,4564
BOMINR,BOM,INR,L,V2,INR,4613
BOMINR,BOM,INR,L,V1,INR,4665
BOMINR,BOM,INR,L,V0,INR,4715
BOMINR,BOM,INR,L,U9,INR,4764
BOMINR,BOM,INR,L,U8,INR,4814
BOMINR,BOM,INR,L,U7,INR,4863
BOMINR,BOM,INR,L,U6,INR,4913
BOMINR,BOM,INR,L,U5,INR,4965
BOMINR,BOM,INR,L,U4,INR,5014
BOMINR,BOM,INR,L,U3,INR,5064
BOMINR,BOM,INR,L,U2,INR,5144
BOMINR,BOM,INR,L,U1,INR,5224
BOMINR,BOM,INR,L,U0,INR,5305
BOMINR,BOM,INR,L,T9,INR,5394
BOMINR,BOM,INR,L,T8,INR,5484
BOMINR,BOM,INR,L,T7,INR,5574
BOMINR,BOM,INR,L,T6,INR,5675
BOMINR,BOM,INR,L,T5,INR,5774
BOMINR,BOM,INR,L,T4,INR,5873
BOMINR,BOM,INR,L,T3,INR,5975
BOMINR,BOM,INR,L,T2,INR,6074
BOMINR,BOM,INR,L,T1,INR,6225
BOMINR,BOM,INR,L,T0,INR,6374
BOMINR,BOM,INR,L,R9,INR,6524
BOMINR,BOM,INR,L,R8,INR,6673
BOMINR,BOM,INR,L,R7,INR,6824
BOMINR,BOM,INR,L,R6,INR,7025
BOMINR,BOM,INR,L,R5,INR,7223
BOMINR,BOM,INR,L,R4,INR,7424
BOMINR,BOM,INR,L,R3,INR,7624
BOMINR,BOM,INR,L,R2,INR,7825
BOMINR,BOM,INR,L,R1,INR,8075
BOMINR,BOM,INR,L,R0,INR,8325
BOMINR,BOM,INR,L,Q9,INR,8575
BOMINR,BOM,INR,L,Q8,INR,8875
BOMINR,BOM,INR,L,Q7,INR,9375
BOMINR,BOM,INR,L,Q6,INR,9875
BOMINR,BOM,INR,L,Q5,INR,10373
BOMINR,BOM,INR,L,Q4,INR,10873
BOMINR,BOM,INR,L,Q3,INR,11373
BOMINR,BOM,INR,L,Q2,INR,11874
BOMINR,BOM,INR,L,Q1,INR,12374
BOMINR,BOM,INR,L,Q0,INR,12874
BOMINR,BOM,INR,L,Q,INR,13374
BOMINR,BOM,INR,L,O,INR,13874
BOMINR,BOM,INR,L,N,INR,14573
BOMINR,BOM,INR,L,M,INR,15375
BOMINR,BOM,INR,L,K,INR,16274
BOMINR,BOM,INR,L,J,INR,17173
BOMINR,BOM,INR,L,I,INR,18174
BOMINR,BOM,INR,L,H,INR,19174
BOMINR,BOM,INR,L,F,INR,20174
BOMINR,BOM,INR,L,E,INR,21373
BOMINR,BOM,INR,L,D,INR,22874
BOMINR,BOM,INR,L,C,INR,24674
BOMINR,BOM,INR,L,B,INR,26675
BOMINR,BOM,INR,L,Y,INR,28674
BOMINR,BOM,INR,L,TF,INR,3500
BOMINR,BOM,INR,L,TE,INR,3800
BOMINR,BOM,INR,L,TD,INR,4500
BOMINR,BOM,INR,L,TC,INR,5200
BOMINR,BOM,INR,L,TB,INR,5750
BOMINR,BOM,INR,L,TY,INR,11000
BOMINR,BOM,INR,L,GJ,INR,4500
BOMINR,BOM,INR,L,GI,INR,4800
BOMINR,BOM,INR,L,GH,INR,5300
BOMINR,BOM,INR,L,GG,INR,6000
BOMINR,BOM,INR,L,GF,INR,6500
BOMINR,BOM,INR,L,GE,INR,7000
BOMINR,BOM,INR,L,GD,INR,7100
BOMINR,BOM,INR,L,GC,INR,7200
BOMINR,BOM,INR,L,GB,INR,9000
BOMINR,BOM,INR,L,GA,INR,10000
